Date,Time_Thai,League,Home,Away,Score,Prediction,Tip,Chance
2026-10-06,21:00 น.,LEAGUE-PHASE,Kazakhstan,Faroe Islands,0 - 0,ฟอร์มใกล้เคียงกันมาก มีโอกาสออกเสมอสูง,เน้น: สกอร์สูง / รอง,65%
2026-10-06,01:45 น.,LEAGUE-PHASE,Albania,San Marino,0 - 0,เจ้าบ้าน Albania ฟอร์มในบ้านแข็งแกร่ง,เน้น: ต่อ Albania,85%
2026-10-06,01:45 น.,LEAGUE-PHASE,Belarus,Finland,0 - 0,ฟอร์มใกล้เคียงกันมาก มีโอกาสออกเสมอสูง,เน้น: สกอร์สูง / รอง,65%
2026-10-06,01:45 น.,LEAGUE-PHASE,Croatia,Spain,0 - 0,ฟอร์มใกล้เคียงกันมาก มีโอกาสออกเสมอสูง,เน้น: สกอร์สูง / รอง,65%
2026-10-06,01:45 น.,LEAGUE-PHASE,England,Czechia,0 - 0,ฟอร์มใกล้เคียงกันมาก มีโอกาสออกเสมอสูง,เน้น: สกอร์สูง / รอง,65%
2026-10-06,01:45 น.,LEAGUE-PHASE,Estonia,Iceland,0 - 0,ทีมเยือน Iceland เกมเยือนดุดัน,เน้น: เชียร์ Iceland,80%
2026-10-06,01:45 น.,LEAGUE-PHASE,Luxembourg,Bulgaria,0 - 0,เจ้าบ้าน Luxembourg ฟอร์มในบ้านแข็งแกร่ง,เน้น: ต่อ Luxembourg,85%
2026-10-06,01:45 น.,LEAGUE-PHASE,Moldova,Slovakia,0 - 0,ฟอร์มใกล้เคียงกันมาก มีโอกาสออกเสมอสูง,เน้น: สกอร์สูง / รอง,65%
2026-10-06,01:45 น.,LEAGUE-PHASE,Scotland,Slovenia,0 - 0,ฟอร์มใกล้เคียงกันมาก มีโอกาสออกเสมอสูง,เน้น: สกอร์สูง / รอง,65%
2026-10-06,01:45 น.,LEAGUE-PHASE,Switzerland,North Macedonia,0 - 0,เจ้าบ้าน Switzerland ฟอร์มในบ้านแข็งแกร่ง,เน้น: ต่อ Switzerland,85%
2026-10-06,18:00 น.,2026-INTERNATIONAL-FRIENDLY,South Korea,Uzbekistan,0 - 0,ฟอร์มใกล้เคียงกันมาก มีโอกาสออกเสมอสูง,เน้น: สกอร์สูง / รอง,65%
2026-10-06,18:35 น.,2026-INTERNATIONAL-FRIENDLY,China,Tajikistan,0 - 0,เจ้าบ้าน China ฟอร์มในบ้านแข็งแกร่ง,เน้น: ต่อ China,85%
2026-10-06,21:00 น.,2026-INTERNATIONAL-FRIENDLY,India,Uruguay,0 - 0,เจ้าบ้าน India ฟอร์มในบ้านแข็งแกร่ง,เน้น: ต่อ India,85%
2026-10-06,23:00 น.,2026-INTERNATIONAL-FRIENDLY,Russia,Nigeria,0 - 0,เจ้าบ้าน Russia ฟอร์มในบ้านแข็งแกร่ง,เน้น: ต่อ Russia,85%
2026-10-06,00:00 น.,2026-INTERNATIONAL-FRIENDLY,Algeria,Niger,0 - 0,เจ้าบ้าน Algeria ฟอร์มในบ้านแข็งแกร่ง,เน้น: ต่อ Algeria,85%
2026-10-06,00:00 น.,2026-INTERNATIONAL-FRIENDLY,Jordan,Venezuela,0 - 0,ทีมเยือน Venezuela เกมเยือนดุดัน,เน้น: เชียร์ Venezuela,80%
2026-10-06,06:00 น.,2026-INTERNATIONAL-FRIENDLY,Argentina,Benin,0 - 0,ทีมเยือน Benin เกมเยือนดุดัน,เน้น: เชียร์ Benin,80%
2026-10-06,06:45 น.,2026-INTERNATIONAL-FRIENDLY,Colombia,Peru,0 - 0,ฟอร์มใกล้เคียงกันมาก มีโอกาสออกเสมอสูง,เน้น: สกอร์สูง / รอง,65%
2026-10-06,07:00 น.,2026-INTERNATIONAL-FRIENDLY,United States,Canada,0 - 0,ฟอร์มใกล้เคียงกันมาก มีโอกาสออกเสมอสูง,เน้น: สกอร์สูง / รอง,65%
2026-10-06,09:30 น.,2026-INTERNATIONAL-FRIENDLY,Mexico,Chile,0 - 0,ทีมเยือน Chile เกมเยือนดุดัน,เน้น: เชียร์ Chile,80%
2026-10-06,07:30 น.,REGULAR-SEASON,Chicago Fire FC,Vancouver Whitecaps,0 - 0,เจ้าบ้าน Chicago Fire FC ฟอร์มในบ้านแข็งแกร่ง,เน้น: ต่อ Chicago Fire FC,85%
2026-10-06,03:00 น.,GROUP-STAGE,Montserrat,Turks and Caicos Islands,0 - 0,ฟอร์มใกล้เคียงกันมาก มีโอกาสออกเสมอสูง,เน้น: สกอร์สูง / รอง,65%
2026-10-06,03:00 น.,GROUP-STAGE,St. Martin,Bahamas,0 - 0,ฟอร์มใกล้เคียงกันมาก มีโอกาสออกเสมอสูง,เน้น: สกอร์สูง / รอง,65%
2026-10-06,04:00 น.,GROUP-STAGE,St. Vincent and the Grenadines,Sint Maarten,0 - 0,ฟอร์มใกล้เคียงกันมาก มีโอกาสออกเสมอสูง,เน้น: สกอร์สูง / รอง,65%
2026-10-06,06:00 น.,GROUP-STAGE,Antigua and Barbuda,Aruba,0 - 0,ฟอร์มใกล้เคียงกันมาก มีโอกาสออกเสมอสูง,เน้น: สกอร์สูง / รอง,65%
2026-10-06,09:00 น.,GROUP-STAGE,French Guiana,Belize,0 - 0,เจ้าบ้าน French Guiana ฟอร์มในบ้านแข็งแกร่ง,เน้น: ต่อ French Guiana,85%
2026-10-06,02:00 น.,GROUP-STAGE,Angola,Malawi,0 - 0,เจ้าบ้าน Angola ฟอร์มในบ้านแข็งแกร่ง,เน้น: ต่อ Angola,85%
2026-10-06,18:00 น.,2026-CLUB-FRIENDLY,IFK Norrköping,Kalmar FF,0 - 0,ทีมเยือน Kalmar FF เกมเยือนดุดัน,เน้น: เชียร์ Kalmar FF,80%
2026-10-06,20:45 น.,GROUP-STAGE,Azerbaijan U21,Gibraltar U21,0 - 0,ฟอร์มใกล้เคียงกันมาก มีโอกาสออกเสมอสูง,เน้น: สกอร์สูง / รอง,65%
2026-10-06,21:00 น.,GROUP-STAGE,Moldova U21,Kazakhstan U21,0 - 0,ฟอร์มใกล้เคียงกันมาก มีโอกาสออกเสมอสูง,เน้น: สกอร์สูง / รอง,65%
2026-10-06,23:00 น.,GROUP-STAGE,Germany U21,Georgia U21,0 - 0,เจ้าบ้าน Germany U21 ฟอร์มในบ้านแข็งแกร่ง,เน้น: ต่อ Germany U21,85%
2026-10-06,23:00 น.,GROUP-STAGE,Latvia U21,Malta U21,0 - 0,ฟอร์มใกล้เคียงกันมาก มีโอกาสออกเสมอสูง,เน้น: สกอร์สูง / รอง,65%
2026-10-06,23:00 น.,GROUP-STAGE,Northern Ireland U21,Greece U21,0 - 0,เจ้าบ้าน Northern Ireland U21 ฟอร์มในบ้านแข็งแกร่ง,เน้น: ต่อ Northern Ireland U21,85%
2026-10-06,23:30 น.,GROUP-STAGE,Bulgaria U21,Scotland U21,0 - 0,ฟอร์มใกล้เคียงกันมาก มีโอกาสออกเสมอสูง,เน้น: สกอร์สูง / รอง,65%
2026-10-06,23:30 น.,GROUP-STAGE,Denmark U21,Belgium U21,0 - 0,ฟอร์มใกล้เคียงกันมาก มีโอกาสออกเสมอสูง,เน้น: สกอร์สูง / รอง,65%
2026-10-06,23:30 น.,GROUP-STAGE,Portugal U21,Czechia U21,0 - 0,เจ้าบ้าน Portugal U21 ฟอร์มในบ้านแข็งแกร่ง,เน้น: ต่อ Portugal U21,85%
2026-10-06,23:30 น.,GROUP-STAGE,Wales U21,Austria U21,0 - 0,ทีมเยือน Austria U21 เกมเยือนดุดัน,เน้น: เชียร์ Austria U21,80%
2026-10-06,23:45 น.,GROUP-STAGE,Netherlands U21,Bosnia-Herzegovina U21,0 - 0,เจ้าบ้าน Netherlands U21 ฟอร์มในบ้านแข็งแกร่ง,เน้น: ต่อ Netherlands U21,85%
2026-10-06,23:45 น.,GROUP-STAGE,Norway U21,Israel U21,0 - 0,เจ้าบ้าน Norway U21 ฟอร์มในบ้านแข็งแกร่ง,เน้น: ต่อ Norway U21,85%
2026-10-06,00:00 น.,GROUP-STAGE,Andorra U21,Slovakia U21,0 - 0,ฟอร์มใกล้เคียงกันมาก มีโอกาสออกเสมอสูง,เน้น: สกอร์สูง / รอง,65%
2026-10-06,00:00 น.,GROUP-STAGE,Cyprus U21,San Marino U21,0 - 0,ฟอร์มใกล้เคียงกันมาก มีโอกาสออกเสมอสูง,เน้น: สกอร์สูง / รอง,65%
2026-10-06,00:00 น.,GROUP-STAGE,Faroe Islands U21,Iceland U21,0 - 0,เจ้าบ้าน Faroe Islands U21 ฟอร์มในบ้านแข็งแกร่ง,เน้น: ต่อ Faroe Islands U21,85%
2026-10-06,00:00 น.,GROUP-STAGE,France U21,Switzerland U21,0 - 0,ทีมเยือน Switzerland U21 เกมเยือนดุดัน,เน้น: เชียร์ Switzerland U21,80%
2026-10-06,00:00 น.,GROUP-STAGE,Kosovo U21,Finland U21,0 - 0,เจ้าบ้าน Kosovo U21 ฟอร์มในบ้านแข็งแกร่ง,เน้น: ต่อ Kosovo U21,85%
2026-10-06,00:00 น.,GROUP-STAGE,Lithuania U21,Croatia U21,0 - 0,ฟอร์มใกล้เคียงกันมาก มีโอกาสออกเสมอสูง,เน้น: สกอร์สูง / รอง,65%
2026-10-06,00:00 น.,GROUP-STAGE,Luxembourg U21,Estonia U21,0 - 0,เจ้าบ้าน Luxembourg U21 ฟอร์มในบ้านแข็งแกร่ง,เน้น: ต่อ Luxembourg U21,85%
2026-10-06,00:00 น.,GROUP-STAGE,Republic of Ireland U21,England U21,0 - 0,ฟอร์มใกล้เคียงกันมาก มีโอกาสออกเสมอสูง,เน้น: สกอร์สูง / รอง,65%
2026-10-06,00:00 น.,GROUP-STAGE,Spain U21,Romania U21,0 - 0,ฟอร์มใกล้เคียงกันมาก มีโอกาสออกเสมอสูง,เน้น: สกอร์สูง / รอง,65%
2026-10-06,00:00 น.,GROUP-STAGE,Türkiye U21,Hungary U21,0 - 0,ทีมเยือน Hungary U21 เกมเยือนดุดัน,เน้น: เชียร์ Hungary U21,80%
2026-10-06,01:00 น.,GROUP-STAGE,Accrington Stanley,Salford City,0 - 0,ทีมเยือน Salford City เกมเยือนดุดัน,เน้น: เชียร์ Salford City,80%
2026-10-06,01:00 น.,GROUP-STAGE,AFC Wimbledon,Barnet,0 - 0,เจ้าบ้าน AFC Wimbledon ฟอร์มในบ้านแข็งแกร่ง,เน้น: ต่อ AFC Wimbledon,85%
2026-10-06,01:00 น.,GROUP-STAGE,Blackpool,Crewe Alexandra,0 - 0,ทีมเยือน Crewe Alexandra เกมเยือนดุดัน,เน้น: เชียร์ Crewe Alexandra,80%
2026-10-06,01:00 น.,GROUP-STAGE,Cambridge United,Northampton Town,0 - 0,ฟอร์มใกล้เคียงกันมาก มีโอกาสออกเสมอสูง,เน้น: สกอร์สูง / รอง,65%
2026-10-06,01:00 น.,GROUP-STAGE,Doncaster Rovers,Liverpool U21,0 - 0,ทีมเยือน Liverpool U21 เกมเยือนดุดัน,เน้น: เชียร์ Liverpool U21,80%
2026-10-06,01:00 น.,GROUP-STAGE,Exeter City,Oxford United,0 - 0,ฟอร์มใกล้เคียงกันมาก มีโอกาสออกเสมอสูง,เน้น: สกอร์สูง / รอง,65%
2026-10-06,01:00 น.,GROUP-STAGE,Fleetwood Town,Barnsley,0 - 0,เจ้าบ้าน Fleetwood Town ฟอร์มในบ้านแข็งแกร่ง,เน้น: ต่อ Fleetwood Town,85%
2026-10-06,01:00 น.,GROUP-STAGE,Grimsby Town,Burton Albion,0 - 0,เจ้าบ้าน Grimsby Town ฟอร์มในบ้านแข็งแกร่ง,เน้น: ต่อ Grimsby Town,85%
2026-10-06,01:00 น.,GROUP-STAGE,Huddersfield Town,Rochdale,0 - 0,เจ้าบ้าน Huddersfield Town ฟอร์มในบ้านแข็งแกร่ง,เน้น: ต่อ Huddersfield Town,85%
2026-10-06,01:00 น.,GROUP-STAGE,Milton Keynes Dons,Brentford U21,0 - 0,ทีมเยือน Brentford U21 เกมเยือนดุดัน,เน้น: เชียร์ Brentford U21,80%
2026-10-06,01:00 น.,GROUP-STAGE,Newport County,Plymouth Argyle,0 - 0,ฟอร์มใกล้เคียงกันมาก มีโอกาสออกเสมอสูง,เน้น: สกอร์สูง / รอง,65%
2026-10-06,01:00 น.,GROUP-STAGE,Peterborough United,Ipswich Town U21,0 - 0,ทีมเยือน Ipswich Town U21 เกมเยือนดุดัน,เน้น: เชียร์ Ipswich Town U21,80%
2026-10-06,01:00 น.,GROUP-STAGE,Port Vale,Mansfield Town,0 - 0,ทีมเยือน Mansfield Town เกมเยือนดุดัน,เน้น: เชียร์ Mansfield Town,80%
2026-10-06,01:00 น.,GROUP-STAGE,Rotherham United,Bradford City,0 - 0,เจ้าบ้าน Rotherham United ฟอร์มในบ้านแข็งแกร่ง,เน้น: ต่อ Rotherham United,85%
2026-10-06,01:00 น.,GROUP-STAGE,Sheffield Wednesday,Sunderland U21,0 - 0,ฟอร์มใกล้เคียงกันมาก มีโอกาสออกเสมอสูง,เน้น: สกอร์สูง / รอง,65%
2026-10-06,01:00 น.,GROUP-STAGE,Shrewsbury Town,Stockport County,0 - 0,ฟอร์มใกล้เคียงกันมาก มีโอกาสออกเสมอสูง,เน้น: สกอร์สูง / รอง,65%
2026-10-06,01:00 น.,GROUP-STAGE,Stevenage,Leicester City,0 - 0,ทีมเยือน Leicester City เกมเยือนดุดัน,เน้น: เชียร์ Leicester City,80%
2026-10-06,01:00 น.,GROUP-STAGE,Wycombe Wanderers,Bristol Rovers,0 - 0,เจ้าบ้าน Wycombe Wanderers ฟอร์มในบ้านแข็งแกร่ง,เน้น: ต่อ Wycombe Wanderers,85%
2026-10-06,01:45 น.,GROUP-STAGE,Crawley Town,Bromley,0 - 0,เจ้าบ้าน Crawley Town ฟอร์มในบ้านแข็งแกร่ง,เน้น: ต่อ Crawley Town,85%
2026-10-06,01:45 น.,THIRD-ROUND-QUALIFYING,Atherton Collieries,Trafford,0 - 0,ฟอร์มใกล้เคียงกันมาก มีโอกาสออกเสมอสูง,เน้น: สกอร์สูง / รอง,65%
2026-10-06,01:45 น.,THIRD-ROUND-QUALIFYING,Halesown Town FC,Stafford Rangers,0 - 0,ทีมเยือน Stafford Rangers เกมเยือนดุดัน,เน้น: เชียร์ Stafford Rangers,80%
2026-10-06,01:45 น.,THIRD-ROUND-QUALIFYING,Scarborough Athletic,Macclesfield FC,0 - 0,ฟอร์มใกล้เคียงกันมาก มีโอกาสออกเสมอสูง,เน้น: สกอร์สูง / รอง,65%
2026-10-06,01:45 น.,THIRD-ROUND-QUALIFYING,Spalding United,Bury Town U21,0 - 0,ทีมเยือน Bury Town U21 เกมเยือนดุดัน,เน้น: เชียร์ Bury Town U21,80%
2026-10-06,01:45 น.,THIRD-ROUND-QUALIFYING,Wingate & Finchley,Bedford Town,0 - 0,ฟอร์มใกล้เคียงกันมาก มีโอกาสออกเสมอสูง,เน้น: สกอร์สูง / รอง,65%
2026-10-06,05:30 น.,2026-BRASILEIRO-SERIE-B,Sport,São Bernardo,0 - 0,ทีมเยือน São Bernardo เกมเยือนดุดัน,เน้น: เชียร์ São Bernardo,80%
2026-10-06,06:30 น.,2026-BRASILEIRO-SERIE-B,Goiás,Athletic,0 - 0,ฟอร์มใกล้เคียงกันมาก มีโอกาสออกเสมอสูง,เน้น: สกอร์สูง / รอง,65%
2026-10-06,07:35 น.,2026-BRASILEIRO-SERIE-B,Ponte Preta,Juventude,0 - 0,ฟอร์มใกล้เคียงกันมาก มีโอกาสออกเสมอสูง,เน้น: สกอร์สูง / รอง,65%
2026-10-06,06:30 น.,QUARTERFINALS,Colo Colo,Puerto Montt,0 - 0,เจ้าบ้าน Colo Colo ฟอร์มในบ้านแข็งแกร่ง,เน้น: ต่อ Colo Colo,85%
2026-10-06,03:00 น.,TORNEO-CLAUSURA-2026,Sportivo Ameliano,Rubio Ñú,0 - 0,ฟอร์มใกล้เคียงกันมาก มีโอกาสออกเสมอสูง,เน้น: สกอร์สูง / รอง,65%
2026-10-06,05:15 น.,TORNEO-CLAUSURA-2026,Club Olimpia,Nacional Asunción,0 - 0,เจ้าบ้าน Club Olimpia ฟอร์มในบ้านแข็งแกร่ง,เน้น: ต่อ Club Olimpia,85%
2026-10-06,02:00 น.,GROUP-STAGE,Real Oruro,Real Tomayapo,0 - 0,ฟอร์มใกล้เคียงกันมาก มีโอกาสออกเสมอสูง,เน้น: สกอร์สูง / รอง,65%
2026-10-06,05:00 น.,GROUP-STAGE,Real Potosí,San Antonio Bulo Bulo,0 - 0,เจ้าบ้าน Real Potosí ฟอร์มในบ้านแข็งแกร่ง,เน้น: ต่อ Real Potosí,85%
2026-10-06,07:00 น.,GROUP-STAGE,Aurora,ABB,0 - 0,ทีมเยือน ABB เกมเยือนดุดัน,เน้น: เชียร์ ABB,80%
2026-10-06,01:00 น.,FINAL,United Arab Emirates,Saudi Arabia,0 - 0,เจ้าบ้าน United Arab Emirates ฟอร์มในบ้านแข็งแกร่ง,เน้น: ต่อ United Arab Emirates,85%
2026-10-06,02:00 น.,2026-NCAA-DIVISION-I-MEN,Villanova Wildcats,New Haven Chargers,0 - 0,เจ้าบ้าน Villanova Wildcats ฟอร์มในบ้านแข็งแกร่ง,เน้น: ต่อ Villanova Wildcats,85%
2026-10-06,05:00 น.,2026-NCAA-DIVISION-I-MEN,Binghamton Bearcats,St. Bonaventure Bonnies,0 - 0,ฟอร์มใกล้เคียงกันมาก มีโอกาสออกเสมอสูง,เน้น: สกอร์สูง / รอง,65%
2026-10-06,05:00 น.,2026-NCAA-DIVISION-I-MEN,College of Charleston Cougars,Furman Paladins,0 - 0,ฟอร์มใกล้เคียงกันมาก มีโอกาสออกเสมอสูง,เน้น: สกอร์สูง / รอง,65%
2026-10-06,05:00 น.,2026-NCAA-DIVISION-I-MEN,Charlotte 49ers,Mercer Bears,0 - 0,ทีมเยือน Mercer Bears เกมเยือนดุดัน,เน้น: เชียร์ Mercer Bears,80%
2026-10-06,05:00 น.,2026-NCAA-DIVISION-I-MEN,Coastal Carolina Chanticleers,Campbell Fighting Camels,0 - 0,ทีมเยือน Campbell Fighting Camels เกมเยือนดุดัน,เน้น: เชียร์ Campbell Fighting Camels,80%
2026-10-06,05:00 น.,2026-NCAA-DIVISION-I-MEN,East Tennessee State Buccaneers,Gardner-Webb Runnin' Bulldogs,0 - 0,เจ้าบ้าน East Tennessee State Buccaneers ฟอร์มในบ้านแข็งแกร่ง,เน้น: ต่อ East Tennessee State Buccaneers,85%
2026-10-06,05:00 น.,2026-NCAA-DIVISION-I-MEN,Georgia State Panthers,Jacksonville Dolphins,0 - 0,ฟอร์มใกล้เคียงกันมาก มีโอกาสออกเสมอสูง,เน้น: สกอร์สูง / รอง,65%
2026-10-06,05:00 น.,2026-NCAA-DIVISION-I-MEN,Louisville Cardinals,DePaul Blue Demons,0 - 0,ทีมเยือน DePaul Blue Demons เกมเยือนดุดัน,เน้น: เชียร์ DePaul Blue Demons,80%
2026-10-06,05:00 น.,2026-NCAA-DIVISION-I-MEN,Loyola Maryland Greyhounds,Pennsylvania Quakers,0 - 0,เจ้าบ้าน Loyola Maryland Greyhounds ฟอร์มในบ้านแข็งแกร่ง,เน้น: ต่อ Loyola Maryland Greyhounds,85%
2026-10-06,05:00 น.,2026-NCAA-DIVISION-I-MEN,Northeastern Huskies,Harvard Crimson,0 - 0,ทีมเยือน Harvard Crimson เกมเยือนดุดัน,เน้น: เชียร์ Harvard Crimson,80%
2026-10-06,05:00 น.,2026-NCAA-DIVISION-I-MEN,Rutgers Scarlet Knights,Maryland Terrapins,0 - 0,เจ้าบ้าน Rutgers Scarlet Knights ฟอร์มในบ้านแข็งแกร่ง,เน้น: ต่อ Rutgers Scarlet Knights,85%
2026-10-06,05:00 น.,2026-NCAA-DIVISION-I-MEN,UConn Huskies,Bryant Bulldogs,0 - 0,ทีมเยือน Bryant Bulldogs เกมเยือนดุดัน,เน้น: เชียร์ Bryant Bulldogs,80%
2026-10-06,05:00 น.,2026-NCAA-DIVISION-I-MEN,Virginia Cavaliers,Queens University Royals,0 - 0,เจ้าบ้าน Virginia Cavaliers ฟอร์มในบ้านแข็งแกร่ง,เน้น: ต่อ Virginia Cavaliers,85%
2026-10-06,05:00 น.,2026-NCAA-DIVISION-I-MEN,Virginia Tech Hokies,Longwood Lancers,0 - 0,ฟอร์มใกล้เคียงกันมาก มีโอกาสออกเสมอสูง,เน้น: สกอร์สูง / รอง,65%
2026-10-06,05:00 น.,2026-NCAA-DIVISION-I-MEN,Wisconsin Badgers,Lakeland,0 - 0,ฟอร์มใกล้เคียงกันมาก มีโอกาสออกเสมอสูง,เน้น: สกอร์สูง / รอง,65%
2026-10-06,05:30 น.,2026-NCAA-DIVISION-I-MEN,Columbia Lions,Brown Bears,0 - 0,ฟอร์มใกล้เคียงกันมาก มีโอกาสออกเสมอสูง,เน้น: สกอร์สูง / รอง,65%
2026-10-06,05:30 น.,2026-NCAA-DIVISION-I-MEN,Xavier Muskateers,Evansville Purple Aces,0 - 0,ฟอร์มใกล้เคียงกันมาก มีโอกาสออกเสมอสูง,เน้น: สกอร์สูง / รอง,65%
